"author","createdAt","domain","id","imageUrls/0","isNSFW","isSelf","isSpoiler","isStickied","isVideo","link","linkFlairText","numComments","permalink","score","scrapedAt","selfText","subreddit","subredditSubscribers","thumbnail","title","totalAwards","type","upvoteRatio","url","warnings/0"
"Ok_Confidence_3237","2026-09-30T07:05:24.421Z","self.googlephotos","1wty842",,"false","true","false","false","false","https://www.reddit.com/r/googlephotos/comments/1wty842/silly_question_but_im_lowk_scared/","","1","https://www.reddit.com/r/googlephotos/comments/1wty842/silly_question_but_im_lowk_scared/","0","2026-09-30T09:08:48.693Z","","googlephotos","0","","Silly question but I'm lowk scared","0","post","0.5","https://www.reddit.com/r/googlephotos/comments/1wty842/silly_question_but_im_lowk_scared/","Some fields are limited because Reddit restricts automated access. Score/upvoteRatio are best-effort and may be 0 when Reddit does not expose vote data publicly. Awards, subscriber totals, and media metadata may also be unavailable or approximate."
"mxalblaluv","2026-09-30T04:12:30.438Z","self.googlephotos","1wtvbwg",,"false","true","false","false","false","https://www.reddit.com/r/googlephotos/comments/1wtvbwg/all_of_my_photos_were_gone_after_a_reset_how_do_i/","","2","https://www.reddit.com/r/googlephotos/comments/1wtvbwg/all_of_my_photos_were_gone_after_a_reset_how_do_i/","0","2026-09-30T09:08:48.693Z","","googlephotos","0","","All of my photos were gone after a reset. How do i acquire them back?","0","post","0.5","https://www.reddit.com/r/googlephotos/comments/1wtvbwg/all_of_my_photos_were_gone_after_a_reset_how_do_i/","Some fields are limited because Reddit restricts automated access. Score/upvoteRatio are best-effort and may be 0 when Reddit does not expose vote data publicly. Awards, subscriber totals, and media metadata may also be unavailable or approximate."
"A7_95","2026-09-30T05:48:14.985Z","i.redd.it","1wtwz82","https://i.redd.it/0ea60cm3jlsh1.png","false","false","false","false","false","https://i.redd.it/0ea60cm3jlsh1.png","","0","https://www.reddit.com/r/googlephotos/comments/1wtwz82/pixhunt_app_an_aipowered_gallery/","0","2026-09-30T09:08:48.697Z","","googlephotos","0","https://i.redd.it/0ea60cm3jlsh1.png","PixHunt app , an AI-powered gallery","0","post","0.25","https://www.reddit.com/r/googlephotos/comments/1wtwz82/pixhunt_app_an_aipowered_gallery/","Some fields are limited because Reddit restricts automated access. Score/upvoteRatio are best-effort and may be 0 when Reddit does not expose vote data publicly. Awards, subscriber totals, and media metadata may also be unavailable or approximate."
"Powerful_Sense5006","2026-09-30T02:49:18.326Z","self.googlephotos","1wttq6i",,"false","false","false","false","false","https://www.reddit.com/r/googlephotos/comments/1wttq6i/how_people_find_old_photos_survey/","","1","https://www.reddit.com/r/googlephotos/comments/1wttq6i/how_people_find_old_photos_survey/","0","2026-09-30T09:08:48.697Z","","googlephotos","0","","How People Find Old Photos — Survey","0","post","0.3333333333333333","https://www.reddit.com/r/googlephotos/comments/1wttq6i/how_people_find_old_photos_survey/","Some fields are limited because Reddit restricts automated access. Score/upvoteRatio are best-effort and may be 0 when Reddit does not expose vote data publicly. Awards, subscriber totals, and media metadata may also be unavailable or approximate."
"yajkram24","2026-09-29T21:13:56.525Z","self.googlephotos","1wtmcrb",,"false","true","false","false","false","https://www.reddit.com/r/googlephotos/comments/1wtmcrb/iphone_to_google_pixel_one_back_up/","","1","https://www.reddit.com/r/googlephotos/comments/1wtmcrb/iphone_to_google_pixel_one_back_up/","1","2026-09-30T09:08:48.697Z","","googlephotos","0","","iPhone to Google Pixel one back up","0","post","1","https://www.reddit.com/r/googlephotos/comments/1wtmcrb/iphone_to_google_pixel_one_back_up/","Some fields are limited because Reddit restricts automated access. Score/upvoteRatio are best-effort and may be 0 when Reddit does not expose vote data publicly. Awards, subscriber totals, and media metadata may also be unavailable or approximate."
"OstrichOutside2950","2026-09-29T15:07:48.509Z","reddit.com","1wtcmuu",,"false","false","false","false","false","https://www.reddit.com/user/OstrichOutside2950/comments/1wtcmev/moving_from_google_to_apple_photos/","","0","https://www.reddit.com/r/googlephotos/comments/1wtcmuu/moving_from_google_to_apple_photos/","1","2026-09-30T09:08:48.697Z","","googlephotos","0","","Moving from Google to Apple Photos","0","post","1","https://www.reddit.com/r/googlephotos/comments/1wtcmuu/moving_from_google_to_apple_photos/","Some fields are limited because Reddit restricts automated access. Score/upvoteRatio are best-effort and may be 0 when Reddit does not expose vote data publicly. Awards, subscriber totals, and media metadata may also be unavailable or approximate."
"ExcellentRead636","2026-09-29T23:00:05.815Z","self.googlephotos","1wtovef",,"false","true","false","false","false","https://www.reddit.com/r/googlephotos/comments/1wtovef/confused_about_photos_encryption_to_google_drive/","","12","https://www.reddit.com/r/googlephotos/comments/1wtovef/confused_about_photos_encryption_to_google_drive/","0","2026-09-30T09:08:48.697Z","","googlephotos","0","","Confused about Photos encryption to google drive","0","post","0.14285714285714285","https://www.reddit.com/r/googlephotos/comments/1wtovef/confused_about_photos_encryption_to_google_drive/","Some fields are limited because Reddit restricts automated access. Score/upvoteRatio are best-effort and may be 0 when Reddit does not expose vote data publicly. Awards, subscriber totals, and media metadata may also be unavailable or approximate."
"ToneSharp2459","2026-09-29T12:04:30.421Z","self.googlephotos","1wt8abk",,"false","true","false","false","false","https://www.reddit.com/r/googlephotos/comments/1wt8abk/concern_for_google_photos_in_another_device/","","7","https://www.reddit.com/r/googlephotos/comments/1wt8abk/concern_for_google_photos_in_another_device/","0","2026-09-30T09:08:48.697Z","","googlephotos","0","","concern for google photos in another device.","0","post","0.4","https://www.reddit.com/r/googlephotos/comments/1wt8abk/concern_for_google_photos_in_another_device/","Some fields are limited because Reddit restricts automated access. Score/upvoteRatio are best-effort and may be 0 when Reddit does not expose vote data publicly. Awards, subscriber totals, and media metadata may also be unavailable or approximate."
"FlowerLegitimate8840","2026-09-29T07:16:40.204Z","self.googlephotos","1wt3h3i",,"false","true","false","false","false","https://www.reddit.com/r/googlephotos/comments/1wt3h3i/struggling_to_find_vaguley_remembered_photo/","","1","https://www.reddit.com/r/googlephotos/comments/1wt3h3i/struggling_to_find_vaguley_remembered_photo/","0","2026-09-30T09:08:48.698Z","","googlephotos","0","","Struggling to find vaguley remembered photo?","0","post","0.5","https://www.reddit.com/r/googlephotos/comments/1wt3h3i/struggling_to_find_vaguley_remembered_photo/","Some fields are limited because Reddit restricts automated access. Score/upvoteRatio are best-effort and may be 0 when Reddit does not expose vote data publicly. Awards, subscriber totals, and media metadata may also be unavailable or approximate."
"Otherwise-Worry-4078","2026-09-29T16:53:26.180Z","reddit.com","1wtfgfv",,"false","false","false","false","false","https://www.reddit.com/gallery/1wtfgfv","","4","https://www.reddit.com/r/googlephotos/comments/1wtfgfv/this_is_an_amazing_feature/","0","2026-09-30T09:08:48.698Z","","googlephotos","0","","This is an AMAZING FEATURE!!!","0","post","0.25","https://www.reddit.com/r/googlephotos/comments/1wtfgfv/this_is_an_amazing_feature/","Some fields are limited because Reddit restricts automated access. Score/upvoteRatio are best-effort and may be 0 when Reddit does not expose vote data publicly. Awards, subscriber totals, and media metadata may also be unavailable or approximate."
"hobbes3k0","2026-09-29T06:07:39.585Z","reddit.com","1wt2bvp",,"false","false","false","false","false","https://www.reddit.com/gallery/1wt2bvp","","2","https://www.reddit.com/r/googlephotos/comments/1wt2bvp/another_desync_issue_oppo_coloros_16/","1","2026-09-30T09:08:48.698Z","","googlephotos","0","","Another de-sync issue (OPPO ColorOS 16)","0","post","0.6","https://www.reddit.com/r/googlephotos/comments/1wt2bvp/another_desync_issue_oppo_coloros_16/","Some fields are limited because Reddit restricts automated access. Score/upvoteRatio are best-effort and may be 0 when Reddit does not expose vote data publicly. Awards, subscriber totals, and media metadata may also be unavailable or approximate."
"HourRecognition9","2026-09-28T03:48:10.989Z","self.googlephotos","1ws46z1",,"false","true","false","false","false","https://www.reddit.com/r/googlephotos/comments/1ws46z1/thank_you_google/","","10","https://www.reddit.com/r/googlephotos/comments/1ws46z1/thank_you_google/","78","2026-09-30T09:08:48.698Z","","googlephotos","0","","Thank you Google!","0","post","0.9239130434782609","https://www.reddit.com/r/googlephotos/comments/1ws46z1/thank_you_google/","Some fields are limited because Reddit restricts automated access. Score/upvoteRatio are best-effort and may be 0 when Reddit does not expose vote data publicly. Awards, subscriber totals, and media metadata may also be unavailable or approximate."
"A7_95","2026-09-29T05:36:26.339Z","reddit.com","1wt1slv",,"false","false","false","false","false","https://www.reddit.com/gallery/1wt1slv","","0","https://www.reddit.com/r/googlephotos/comments/1wt1slv/pixhunt_app_aipowered_gallery_the_idea_is_simple/","0","2026-09-30T09:08:48.698Z","","googlephotos","0","","PixHunt app (AI-powered gallery ) . The idea is simple: make it easier to actually find and manage the photos you already have on your phone.","0","post","0.2","https://www.reddit.com/r/googlephotos/comments/1wt1slv/pixhunt_app_aipowered_gallery_the_idea_is_simple/","Some fields are limited because Reddit restricts automated access. Score/upvoteRatio are best-effort and may be 0 when Reddit does not expose vote data publicly. Awards, subscriber totals, and media metadata may also be unavailable or approximate."
"Necessary-Shop-4439","2026-09-28T15:40:26.403Z","self.googlephotos","1wsi07c",,"false","true","false","false","false","https://www.reddit.com/r/googlephotos/comments/1wsi07c/google_wrong_dates/","","12","https://www.reddit.com/r/googlephotos/comments/1wsi07c/google_wrong_dates/","3","2026-09-30T09:08:48.698Z","","googlephotos","0","","Google Wrong dates","0","post","0.6666666666666666","https://www.reddit.com/r/googlephotos/comments/1wsi07c/google_wrong_dates/","Some fields are limited because Reddit restricts automated access. Score/upvoteRatio are best-effort and may be 0 when Reddit does not expose vote data publicly. Awards, subscriber totals, and media metadata may also be unavailable or approximate."
"Equivalent_Group_954","2026-09-28T19:08:34.706Z","v.redd.it","1wsnq0y",,"false","false","false","false","false","https://www.reddit.com/r/betatests/comments/1ws607k/i_built_a_photo_app_where_photos_fade_away_unless/","","0","https://www.reddit.com/r/googlephotos/comments/1wsnq0y/i_built_a_photo_app_where_photos_fade_away_unless/","0","2026-09-30T09:08:48.698Z","","googlephotos","0","","I built a photo app where photos fade away unless friends give tic to save them","0","post","0.3333333333333333","https://www.reddit.com/r/googlephotos/comments/1wsnq0y/i_built_a_photo_app_where_photos_fade_away_unless/","Some fields are limited because Reddit restricts automated access. Score/upvoteRatio are best-effort and may be 0 when Reddit does not expose vote data publicly. Awards, subscriber totals, and media metadata may also be unavailable or approximate."
"crunozaur","2026-09-28T14:02:23.887Z","self.googlephotos","1wsfgts",,"false","true","false","false","false","https://www.reddit.com/r/googlephotos/comments/1wsfgts/reason_for_1080p_quality_cap_for_videos/","","8","https://www.reddit.com/r/googlephotos/comments/1wsfgts/reason_for_1080p_quality_cap_for_videos/","0","2026-09-30T09:08:48.698Z","","googlephotos","0","","Reason for 1080P quality cap for videos?","0","post","0.42857142857142855","https://www.reddit.com/r/googlephotos/comments/1wsfgts/reason_for_1080p_quality_cap_for_videos/","Some fields are limited because Reddit restricts automated access. Score/upvoteRatio are best-effort and may be 0 when Reddit does not expose vote data publicly. Awards, subscriber totals, and media metadata may also be unavailable or approximate."
"SadOven5385","2026-09-28T07:43:05.001Z","self.googlephotos","1ws89uf",,"false","true","false","false","false","https://www.reddit.com/r/googlephotos/comments/1ws89uf/i_delete_photovideo_from_google_bachup_without/","","5","https://www.reddit.com/r/googlephotos/comments/1ws89uf/i_delete_photovideo_from_google_bachup_without/","3","2026-09-30T09:08:48.699Z","","googlephotos","0","","I delete photo/video from Google bachup without deleting from phone storage","0","post","1","https://www.reddit.com/r/googlephotos/comments/1ws89uf/i_delete_photovideo_from_google_bachup_without/","Some fields are limited because Reddit restricts automated access. Score/upvoteRatio are best-effort and may be 0 when Reddit does not expose vote data publicly. Awards, subscriber totals, and media metadata may also be unavailable or approximate."
"j0yk1l","2026-09-28T17:15:39.216Z","self.googlephotos","1wskm5i",,"false","true","false","false","false","https://www.reddit.com/r/googlephotos/comments/1wskm5i/deinstalling_the_app/","","6","https://www.reddit.com/r/googlephotos/comments/1wskm5i/deinstalling_the_app/","0","2026-09-30T09:08:48.699Z","","googlephotos","0","","Deinstalling the App","0","post","0.25","https://www.reddit.com/r/googlephotos/comments/1wskm5i/deinstalling_the_app/","Some fields are limited because Reddit restricts automated access. Score/upvoteRatio are best-effort and may be 0 when Reddit does not expose vote data publicly. Awards, subscriber totals, and media metadata may also be unavailable or approximate."
"elysiancollective","2026-09-27T19:48:47.436Z","reddit.com","1wrtph1",,"false","false","false","false","false","https://www.reddit.com/gallery/1wrtph1","","16","https://www.reddit.com/r/googlephotos/comments/1wrtph1/why_is_this_app_taking_30_gb_of_internal_storage/","4","2026-09-30T09:08:48.699Z","","googlephotos","0","","Why is this app taking 30+ GB of internal storage?","0","post","0.5833333333333334","https://www.reddit.com/r/googlephotos/comments/1wrtph1/why_is_this_app_taking_30_gb_of_internal_storage/","Some fields are limited because Reddit restricts automated access. Score/upvoteRatio are best-effort and may be 0 when Reddit does not expose vote data publicly. Awards, subscriber totals, and media metadata may also be unavailable or approximate."
"Bubbly-Ad-2803","2026-09-28T00:47:17.446Z","self.googlephotos","1ws0mno",,"false","false","false","false","false","https://www.reddit.com/r/googlephotos/comments/1ws0mno/are_you_someone_who_struggles_with_google_photos/","","0","https://www.reddit.com/r/googlephotos/comments/1ws0mno/are_you_someone_who_struggles_with_google_photos/","1","2026-09-30T09:08:48.699Z","","googlephotos","0","","Are you someone who struggles with Google Photos search? We're researching it","0","post","0.5555555555555556","https://www.reddit.com/r/googlephotos/comments/1ws0mno/are_you_someone_who_struggles_with_google_photos/","Some fields are limited because Reddit restricts automated access. Score/upvoteRatio are best-effort and may be 0 when Reddit does not expose vote data publicly. Awards, subscriber totals, and media metadata may also be unavailable or approximate."
"Redditer-507","2026-09-28T02:13:15.998Z","i.redd.it","1ws2cv2","https://i.redd.it/a9wihb7x66sh1.png","false","false","false","false","false","https://i.redd.it/a9wihb7x66sh1.png","","7","https://www.reddit.com/r/googlephotos/comments/1ws2cv2/where_are_my_photos_at_wtf_google/","0","2026-09-30T09:08:48.794Z","","googlephotos","0","https://i.redd.it/a9wihb7x66sh1.png","Where are my photos at ? wtf google","0","post","0.2857142857142857","https://www.reddit.com/r/googlephotos/comments/1ws2cv2/where_are_my_photos_at_wtf_google/","Some fields are limited because Reddit restricts automated access. Score/upvoteRatio are best-effort and may be 0 when Reddit does not expose vote data publicly. Awards, subscriber totals, and media metadata may also be unavailable or approximate."
"UserlyNameNotFound","2026-09-27T01:08:03.503Z","self.googlephotos","1wr6uoi",,"false","true","false","false","false","https://www.reddit.com/r/googlephotos/comments/1wr6uoi/must_read_this_if_you_are_migrating_icloud_photos/","","8","https://www.reddit.com/r/googlephotos/comments/1wr6uoi/must_read_this_if_you_are_migrating_icloud_photos/","18","2026-09-30T09:08:48.794Z","","googlephotos","0","","Must read this if you are migrating iCloud photos to Google Photos","0","post","0.95","https://www.reddit.com/r/googlephotos/comments/1wr6uoi/must_read_this_if_you_are_migrating_icloud_photos/","Some fields are limited because Reddit restricts automated access. Score/upvoteRatio are best-effort and may be 0 when Reddit does not expose vote data publicly. Awards, subscriber totals, and media metadata may also be unavailable or approximate."
"Immortal_Toast","2026-09-30T09:09:15.401Z","reddit.com","1wssf7n",,"false","true","false","false","false","https://www.reddit.com/r/countttt/comments/1wssf7n/14820/","","0","https://www.reddit.com/r/countttt/comments/1wssf7n/14820/","0","2026-09-30T09:09:14.710Z","","countttt","0","","14820","0","post","0","https://www.reddit.com/r/countttt/comments/1wssf7n/14820/","Some fields are limited because Reddit restricts automated access. Score/upvoteRatio are best-effort and may be 0 when Reddit does not expose vote data publicly. Awards, subscriber totals, and media metadata may also be unavailable or approximate."
"ukiyo___00","2026-09-30T09:09:15.493Z","reddit.com","1wtat2v",,"false","true","false","false","false","https://www.reddit.com/r/FitTheWord/comments/1wtat2v/rank_these_basic_subjects_created_by_uukiyo_00/","","0","https://www.reddit.com/r/FitTheWord/comments/1wtat2v/rank_these_basic_subjects_created_by_uukiyo_00/","0","2026-09-30T09:09:14.710Z","","FitTheWord","0","","RANK THESE BASIC SUBJECTS (created by u/ukiyo___00)","0","post","0","https://www.reddit.com/r/FitTheWord/comments/1wtat2v/rank_these_basic_subjects_created_by_uukiyo_00/","Some fields are limited because Reddit restricts automated access. Score/upvoteRatio are best-effort and may be 0 when Reddit does not expose vote data publicly. Awards, subscriber totals, and media metadata may also be unavailable or approximate."
"punished_clare","2026-09-30T09:09:15.499Z","reddit.com","1wt5ntn",,"false","true","false","false","false","https://www.reddit.com/r/countttt/comments/1wt5ntn/14952/","","0","https://www.reddit.com/r/countttt/comments/1wt5ntn/14952/","0","2026-09-30T09:09:14.710Z","","countttt","0","","14952","0","post","0","https://www.reddit.com/r/countttt/comments/1wt5ntn/14952/","Some fields are limited because Reddit restricts automated access. Score/upvoteRatio are best-effort and may be 0 when Reddit does not expose vote data publicly. Awards, subscriber totals, and media metadata may also be unavailable or approximate."
"late_to_redd1t","2026-09-30T09:09:15.502Z","reddit.com","1wt6rsf",,"false","true","false","false","false","https://www.reddit.com/r/AskOuijaRedux/comments/1wt6rsf/our_all_time_top_post_here_got_19k_upvotes_how/","","0","https://www.reddit.com/r/AskOuijaRedux/comments/1wt6rsf/our_all_time_top_post_here_got_19k_upvotes_how/","0","2026-09-30T09:09:14.710Z","","AskOuijaRedux","0","","Our all time top post here got 1.9K upvotes. How?! Where did everyone go?!? 😭","0","post","0","https://www.reddit.com/r/AskOuijaRedux/comments/1wt6rsf/our_all_time_top_post_here_got_19k_upvotes_how/","Some fields are limited because Reddit restricts automated access. Score/upvoteRatio are best-effort and may be 0 when Reddit does not expose vote data publicly. Awards, subscriber totals, and media metadata may also be unavailable or approximate."
"AlexLovesMismagius","2026-09-30T09:09:15.503Z","reddit.com","1wt50ux",,"false","true","false","false","false","https://www.reddit.com/r/countttt/comments/1wt50ux/14945/","","0","https://www.reddit.com/r/countttt/comments/1wt50ux/14945/","0","2026-09-30T09:09:14.710Z","","countttt","0","","14945","0","post","0","https://www.reddit.com/r/countttt/comments/1wt50ux/14945/","Some fields are limited because Reddit restricts automated access. Score/upvoteRatio are best-effort and may be 0 when Reddit does not expose vote data publicly. Awards, subscriber totals, and media metadata may also be unavailable or approximate."
