source_platform,source_name,community_or_subreddit,content_type,title,author,date,text,url,parent_url,engagement_if_available,search_query_used,excerpt_role,notes
reddit,Reddit,r/googlephotos,reddit_thread_search_hit,What happened to the search feature on the app?,,,Go to settings > preferences > Gemini features in photos,https://www.reddit.com/r/googlephotos/comments/1fa4fg1/what_happened_to_the_search_feature_on_the_app/,https://www.reddit.com/r/googlephotos/comments/1fa4fg1/what_happened_to_the_search_feature_on_the_app/,,Google Photos can't find photo I know I took search,unverified (post or comment),Reddit scrape blocked by Firecrawl; only search-result title + snippet captured. Date/author unavailable.
reddit,Reddit,r/googlephotos,reddit_thread_search_hit,is there a way to search Google photos using a photo?,,,Find more objects like this one,https://www.reddit.com/r/googlephotos/comments/xl693t/is_there_a_way_to_search_google_photos_using_a/,https://www.reddit.com/r/googlephotos/comments/xl693t/is_there_a_way_to_search_google_photos_using_a/,,Google Photos can't find photo I know I took search,unverified (post or comment),Reddit scrape blocked by Firecrawl; only search-result title + snippet captured. Date/author unavailable.
reddit,Reddit,r/GooglePixel,reddit_thread_search_hit,Google photos removing 'search' and replacing it with 'ask' is the ...,,,the type of searches that were failing for you,https://www.reddit.com/r/GooglePixel/comments/1qbdo8i/google_photos_removing_search_and_replacing_it/,https://www.reddit.com/r/GooglePixel/comments/1qbdo8i/google_photos_removing_search_and_replacing_it/,,Google Photos can't find photo I know I took search,unverified (post or comment),Reddit scrape blocked by Firecrawl; only search-result title + snippet captured. Date/author unavailable.
reddit,Reddit,r/googlephotos,reddit_thread_search_hit,Why did they ruin Google photos search???,,,the search function is worthless,https://www.reddit.com/r/googlephotos/comments/1fvq7hr/why_did_they_ruin_google_photos_search/,https://www.reddit.com/r/googlephotos/comments/1fvq7hr/why_did_they_ruin_google_photos_search/,,Google Photos can't find photo I know I took search,unverified (post or comment),Reddit scrape blocked by Firecrawl; only search-result title + snippet captured. Date/author unavailable.
reddit,Reddit,r/googlephotos,reddit_thread_search_hit,How do I find these photos taking up space in Google Photos?,,,no direct way to find what pictures are taking up the storage,https://www.reddit.com/r/googlephotos/comments/16myabb/how_do_i_find_these_photos_taking_up_space_in/,https://www.reddit.com/r/googlephotos/comments/16myabb/how_do_i_find_these_photos_taking_up_space_in/,,Google Photos can't find photo I know I took search,unverified (post or comment),Reddit scrape blocked by Firecrawl; only search-result title + snippet captured. Date/author unavailable.
reddit,Reddit,r/googlephotos,reddit_thread_search_hit,"How can I easily find photos or videos that I most recently backed up, even ...",,,"select the ""Recently added"" filter",https://www.reddit.com/r/googlephotos/comments/1ousytw/how_can_i_easily_find_photos_or_videos_that_i/,https://www.reddit.com/r/googlephotos/comments/1ousytw/how_can_i_easily_find_photos_or_videos_that_i/,,Google Photos can't find photo I know I took search,unverified (post or comment),Reddit scrape blocked by Firecrawl; only search-result title + snippet captured. Date/author unavailable.
reddit,Reddit,r/googlephotos,reddit_thread_search_hit,Classic Search is gone.,,,"Go into photo settings, preferences, Gemini features in photos",https://www.reddit.com/r/googlephotos/comments/1lklsk2/classic_search_is_gone/,https://www.reddit.com/r/googlephotos/comments/1lklsk2/classic_search_is_gone/,,Google Photos can't find photo I know I took search,unverified (post or comment),Reddit scrape blocked by Firecrawl; only search-result title + snippet captured. Date/author unavailable.
reddit,Reddit,r/googlephotos,reddit_thread_search_hit,Google Photos can't search and find words in text blocks I insert--why not?,,,you can't search for anything in a shared album,https://www.reddit.com/r/googlephotos/comments/11bsuw9/google_photos_cant_search_and_find_words_in_text/,https://www.reddit.com/r/googlephotos/comments/11bsuw9/google_photos_cant_search_and_find_words_in_text/,,Google Photos can't find photo I know I took search,unverified (post or comment),Reddit scrape blocked by Firecrawl; only search-result title + snippet captured. Date/author unavailable.
reddit,Reddit,r/googlephotos,reddit_thread_search_hit,Am I being stupid or is there really no way to go from an image to the rest ...,,,It should open the rest of that day's photos!,https://www.reddit.com/r/googlephotos/comments/1lkv1rh/am_i_being_stupid_or_is_there_really_no_way_to_go/,https://www.reddit.com/r/googlephotos/comments/1lkv1rh/am_i_being_stupid_or_is_there_really_no_way_to_go/,,Google Photos can't find photo I know I took search,unverified (post or comment),Reddit scrape blocked by Firecrawl; only search-result title + snippet captured. Date/author unavailable.
reddit,Reddit,r/googlephotos,reddit_thread_search_hit,Unable to search photos by description that are not from my ...,,,See if the description field is populated.,https://www.reddit.com/r/googlephotos/comments/17lnzld/unable_to_search_photos_by_description_that_are/,https://www.reddit.com/r/googlephotos/comments/17lnzld/unable_to_search_photos_by_description_that_are/,,Google Photos can't find photo I know I took search,unverified (post or comment),Reddit scrape blocked by Firecrawl; only search-result title + snippet captured. Date/author unavailable.
reddit,Reddit,r/googlephotos,reddit_thread_search_hit,I can't see some photos on my gallery but I can on google photos.,,,photos in Google Photos backed up/online that are not on your device,https://www.reddit.com/r/googlephotos/comments/1mezy98/i_cant_see_some_photos_on_my_gallery_but_i_can_on/,https://www.reddit.com/r/googlephotos/comments/1mezy98/i_cant_see_some_photos_on_my_gallery_but_i_can_on/,,Google Photos can't find photo I know I took search,unverified (post or comment),Reddit scrape blocked by Firecrawl; only search-result title + snippet captured. Date/author unavailable.
reddit,Reddit,r/GooglePixel,reddit_thread_search_hit,How to find all of the copies of a picture in Google photos,,,an easy way to search and collect them all into one album,https://www.reddit.com/r/GooglePixel/comments/174vx07/how_to_find_all_of_the_copies_of_a_picture_in/,https://www.reddit.com/r/GooglePixel/comments/174vx07/how_to_find_all_of_the_copies_of_a_picture_in/,,Google Photos can't find photo I know I took search,unverified (post or comment),Reddit scrape blocked by Firecrawl; only search-result title + snippet captured. Date/author unavailable.
reddit,Reddit,r/googlephotos,reddit_thread_search_hit,Google Photos search is much worse all of a sudden,,,the deprecation of location matching,https://www.reddit.com/r/googlephotos/comments/12yj8um/google_photos_search_is_much_worse_all_of_a_sudden/,https://www.reddit.com/r/googlephotos/comments/12yj8um/google_photos_search_is_much_worse_all_of_a_sudden/,,Google Photos can't find photo I know I took search,unverified (post or comment),Reddit scrape blocked by Firecrawl; only search-result title + snippet captured. Date/author unavailable.
reddit,Reddit,r/googlephotos,reddit_thread_search_hit,Searching Google Photos on Android not finding my pics,,,"search Google Photos on my Pixel XL9Pro for the pet's name, nothing pops up",https://www.reddit.com/r/googlephotos/comments/1k4t98q/searching_google_photos_on_android_not_finding_my/,https://www.reddit.com/r/googlephotos/comments/1k4t98q/searching_google_photos_on_android_not_finding_my/,,Google Photos can't find photo I know I took search,unverified (post or comment),Reddit scrape blocked by Firecrawl; only search-result title + snippet captured. Date/author unavailable.
reddit,Reddit,r/googlephotos,reddit_thread_search_hit,"Tons of photos missing, but show up when search for date/location",,,"when I search for February 2020, I see dozens of pictures",https://www.reddit.com/r/googlephotos/comments/v11amd/tons_of_photos_missing_but_show_up_when_search/,https://www.reddit.com/r/googlephotos/comments/v11amd/tons_of_photos_missing_but_show_up_when_search/,,Google Photos can't find photo I know I took search,unverified (post or comment),Reddit scrape blocked by Firecrawl; only search-result title + snippet captured. Date/author unavailable.
reddit,Reddit,r/googlephotos,reddit_thread_search_hit,"In search bar I search my albums, but some of them don't appear, help!!",,,"Give it some time, especially if the album was created very recently",https://www.reddit.com/r/googlephotos/comments/17xzq0g/in_search_bar_i_search_my_albums_but_some_of_them/,https://www.reddit.com/r/googlephotos/comments/17xzq0g/in_search_bar_i_search_my_albums_but_some_of_them/,,Google Photos can't find photo I know I took search,unverified (post or comment),Reddit scrape blocked by Firecrawl; only search-result title + snippet captured. Date/author unavailable.
reddit,Reddit,r/googlephotos,reddit_thread_search_hit,I just noticed Google has deleted YEARS worth of photos from my ...,,,I went to look up photos of my grandma,https://www.reddit.com/r/googlephotos/comments/1lyo0fc/i_just_noticed_google_has_deleted_years_worth_of/,https://www.reddit.com/r/googlephotos/comments/1lyo0fc/i_just_noticed_google_has_deleted_years_worth_of/,,Google Photos can't find photo I know I took search,unverified (post or comment),Reddit scrape blocked by Firecrawl; only search-result title + snippet captured. Date/author unavailable.
reddit,Reddit,r/googlephotos,reddit_thread_search_hit,Find photos without location,,,Click Info Info and then Add a location,https://www.reddit.com/r/googlephotos/comments/191pevz/find_photos_without_location/,https://www.reddit.com/r/googlephotos/comments/191pevz/find_photos_without_location/,,Google Photos can't find photo I know I took search,unverified (post or comment),Reddit scrape blocked by Firecrawl; only search-result title + snippet captured. Date/author unavailable.
reddit,Reddit,r/googlephotos,reddit_thread_search_hit,I get memories of old photos I don't have... anyone know how to access ...,,,there is an arrow at the bottom of the memory,https://www.reddit.com/r/googlephotos/comments/sirjpi/i_get_memories_of_old_photos_i_dont_have_anyone/,https://www.reddit.com/r/googlephotos/comments/sirjpi/i_get_memories_of_old_photos_i_dont_have_anyone/,,Google Photos I remember the photo but not the date how to find it,unverified (post or comment),Reddit scrape blocked by Firecrawl; only search-result title + snippet captured. Date/author unavailable.
reddit,Reddit,r/googlephotos,reddit_thread_search_hit,view photos not in an album,,,"From the desired timeframe select first photo, scroll down",https://www.reddit.com/r/googlephotos/comments/oghytz/view_photos_not_in_an_album/,https://www.reddit.com/r/googlephotos/comments/oghytz/view_photos_not_in_an_album/,,Google Photos I remember the photo but not the date how to find it,unverified (post or comment),Reddit scrape blocked by Firecrawl; only search-result title + snippet captured. Date/author unavailable.
reddit,Reddit,r/googlephotos,reddit_thread_search_hit,Missing videos in my Google Photos storage and don't know why ...,,,"search a specific month and year, e.g. ""December 2023""",https://www.reddit.com/r/googlephotos/comments/1737892/missing_videos_in_my_google_photos_storage_and/,https://www.reddit.com/r/googlephotos/comments/1737892/missing_videos_in_my_google_photos_storage_and/,,Google Photos I remember the photo but not the date how to find it,unverified (post or comment),Reddit scrape blocked by Firecrawl; only search-result title + snippet captured. Date/author unavailable.
reddit,Reddit,r/Android,reddit_thread_search_hit,Why not actual album structure in Google photos?,,,You could then check the date on that photo,https://www.reddit.com/r/Android/comments/b72p99/why_not_actual_album_structure_in_google_photos/,https://www.reddit.com/r/Android/comments/b72p99/why_not_actual_album_structure_in_google_photos/,,Google Photos I remember the photo but not the date how to find it,unverified (post or comment),Reddit scrape blocked by Firecrawl; only search-result title + snippet captured. Date/author unavailable.
reddit,Reddit,r/googlephotos,reddit_thread_search_hit,Is there no longer an option to sort Google Photos search by date?,,,showing me random pictures that appear to be chosen by AI,https://www.reddit.com/r/googlephotos/comments/1nw4ppl/is_there_no_longer_an_option_to_sort_google/,https://www.reddit.com/r/googlephotos/comments/1nw4ppl/is_there_no_longer_an_option_to_sort_google/,,Google Photos I remember the photo but not the date how to find it,unverified (post or comment),Reddit scrape blocked by Firecrawl; only search-result title + snippet captured. Date/author unavailable.
reddit,Reddit,r/googlephotos,reddit_thread_search_hit,"Uploaded all my photos, but many are missing",,,Check the EXIF created date in the source file,https://www.reddit.com/r/googlephotos/comments/1gf16hd/uploaded_all_my_photos_but_many_are_missing/,https://www.reddit.com/r/googlephotos/comments/1gf16hd/uploaded_all_my_photos_but_many_are_missing/,,Google Photos I remember the photo but not the date how to find it,unverified (post or comment),Reddit scrape blocked by Firecrawl; only search-result title + snippet captured. Date/author unavailable.
reddit,Reddit,r/ios,reddit_thread_search_hit,Finally understood why I struggle daily to find old photos in iOS 18,,,scrolling through photos and finding such an image is much less intuitive,https://www.reddit.com/r/ios/comments/1jfw6s5/finally_understood_why_i_struggle_daily_to_find/,https://www.reddit.com/r/ios/comments/1jfw6s5/finally_understood_why_i_struggle_daily_to_find/,,Google Photos I remember the photo but not the date how to find it,unverified (post or comment),Reddit scrape blocked by Firecrawl; only search-result title + snippet captured. Date/author unavailable.
reddit,Reddit,r/googlephotos,reddit_thread_search_hit,Google Photos app putting photos under wrong dates on display/home,,,"the app is just plain wrong, the dates are all off",https://www.reddit.com/r/googlephotos/comments/1234q3x/google_photos_app_putting_photos_under_wrong/,https://www.reddit.com/r/googlephotos/comments/1234q3x/google_photos_app_putting_photos_under_wrong/,,Google Photos I remember the photo but not the date how to find it,unverified (post or comment),Reddit scrape blocked by Firecrawl; only search-result title + snippet captured. Date/author unavailable.
reddit,Reddit,r/googlephotos,reddit_thread_search_hit,google photos search doesnt work as it should,,,Most users have no idea what files are named.,https://www.reddit.com/r/googlephotos/comments/10p02wz/google_photos_search_doesnt_work_as_it_should/,https://www.reddit.com/r/googlephotos/comments/10p02wz/google_photos_search_doesnt_work_as_it_should/,,Google Photos find screenshot receipt document ticket photo search not working,unverified (post or comment),Reddit scrape blocked by Firecrawl; only search-result title + snippet captured. Date/author unavailable.
reddit,Reddit,r/googlephotos,reddit_thread_search_hit,Google photos text search no longer working,,,the search feature in the Google photos app does not seem to work,https://www.reddit.com/r/googlephotos/comments/1ccui2v/google_photos_text_search_no_longer_working/,https://www.reddit.com/r/googlephotos/comments/1ccui2v/google_photos_text_search_no_longer_working/,,Google Photos find screenshot receipt document ticket photo search not working,unverified (post or comment),Reddit scrape blocked by Firecrawl; only search-result title + snippet captured. Date/author unavailable.
reddit,Reddit,r/googlephotos,reddit_thread_search_hit,Searching file name not working,,,putting quotes around the file name you're searching,https://www.reddit.com/r/googlephotos/comments/10hqpbu/searching_file_name_not_working/,https://www.reddit.com/r/googlephotos/comments/10hqpbu/searching_file_name_not_working/,,Google Photos find screenshot receipt document ticket photo search not working,unverified (post or comment),Reddit scrape blocked by Firecrawl; only search-result title + snippet captured. Date/author unavailable.
reddit,Reddit,r/googlephotos,reddit_thread_search_hit,Search is absolutely atrocious now.,,,image search feature has been broken for roughly 20 days,https://www.reddit.com/r/googlephotos/comments/1fmvxd6/search_is_absolutely_atrocious_now/,https://www.reddit.com/r/googlephotos/comments/1fmvxd6/search_is_absolutely_atrocious_now/,,Google Photos find screenshot receipt document ticket photo search not working,unverified (post or comment),Reddit scrape blocked by Firecrawl; only search-result title + snippet captured. Date/author unavailable.
reddit,Reddit,r/googlephotos,reddit_thread_search_hit,"Can't find text in images on Google Fotos anymore, super annoying",,,I can't find images by the text on it,https://www.reddit.com/r/googlephotos/comments/1ijy6ie/cant_find_text_in_images_on_google_fotos_anymore/,https://www.reddit.com/r/googlephotos/comments/1ijy6ie/cant_find_text_in_images_on_google_fotos_anymore/,,Google Photos find screenshot receipt document ticket photo search not working,unverified (post or comment),Reddit scrape blocked by Firecrawl; only search-result title + snippet captured. Date/author unavailable.
reddit,Reddit,r/googlephotos,reddit_thread_search_hit,How do I search for photos by exact filename?,,,I couldn't find a way to search for photos by their exact filename.,https://www.reddit.com/r/googlephotos/comments/rd8u2q/how_do_i_search_for_photos_by_exact_filename/,https://www.reddit.com/r/googlephotos/comments/rd8u2q/how_do_i_search_for_photos_by_exact_filename/,,Google Photos find screenshot receipt document ticket photo search not working,unverified (post or comment),Reddit scrape blocked by Firecrawl; only search-result title + snippet captured. Date/author unavailable.
reddit,Reddit,r/googlephotos,reddit_thread_search_hit,Can we add information to a picture to easily search for it later via Google ...,,,Try renaming the file as well.,https://www.reddit.com/r/googlephotos/comments/1897skj/can_we_add_information_to_a_picture_to_easily/,https://www.reddit.com/r/googlephotos/comments/1897skj/can_we_add_information_to_a_picture_to_easily/,,Google Photos find screenshot receipt document ticket photo search not working,unverified (post or comment),Reddit scrape blocked by Firecrawl; only search-result title + snippet captured. Date/author unavailable.
reddit,Reddit,r/googlephotos,reddit_thread_search_hit,is there a way to search for photos that i added a custom description for?,,,i wanna list all the photos that i added a custom description for,https://www.reddit.com/r/googlephotos/comments/udgqy8/is_there_a_way_to_search_for_photos_that_i_added/,https://www.reddit.com/r/googlephotos/comments/udgqy8/is_there_a_way_to_search_for_photos_that_i_added/,,Google Photos find screenshot receipt document ticket photo search not working,unverified (post or comment),Reddit scrape blocked by Firecrawl; only search-result title + snippet captured. Date/author unavailable.
reddit,Reddit,r/googlephotos,reddit_thread_search_hit,Identify File in Google Photos,,,now I'm seeing all the whatsapp image mixed with my own phones images,https://www.reddit.com/r/googlephotos/comments/12v55gm/identify_file_in_google_photos/,https://www.reddit.com/r/googlephotos/comments/12v55gm/identify_file_in_google_photos/,,Google Photos find screenshot receipt document ticket photo search not working,unverified (post or comment),Reddit scrape blocked by Firecrawl; only search-result title + snippet captured. Date/author unavailable.
reddit,Reddit,r/googlephotos,reddit_thread_search_hit,How to find all photos on a given day across all years?,,,Just search for the date without the year (IE 7/4).,https://www.reddit.com/r/googlephotos/comments/nr3p0q/how_to_find_all_photos_on_a_given_day_across_all/,https://www.reddit.com/r/googlephotos/comments/nr3p0q/how_to_find_all_photos_on_a_given_day_across_all/,,"Google Photos looking for a picture of a place, person, or thing; scrolling through years to find it",unverified (post or comment),Reddit scrape blocked by Firecrawl; only search-result title + snippet captured. Date/author unavailable.
reddit,Reddit,r/googlephotos,reddit_thread_search_hit,Search for photos of younger person,,,a way to find pictures of someone when they were younger,https://www.reddit.com/r/googlephotos/comments/yjrhlj/search_for_photos_of_younger_person/,https://www.reddit.com/r/googlephotos/comments/yjrhlj/search_for_photos_of_younger_person/,,"Google Photos looking for a picture of a place, person, or thing; scrolling through years to find it",unverified (post or comment),Reddit scrape blocked by Firecrawl; only search-result title + snippet captured. Date/author unavailable.
reddit,Reddit,r/googlephotos,reddit_thread_search_hit,Google Photos date search completely changed?,,,searching by date in Google Photos has suddenly stopped working properly,https://www.reddit.com/r/googlephotos/comments/1ob8og4/google_photos_date_search_completely_changed/,https://www.reddit.com/r/googlephotos/comments/1ob8og4/google_photos_date_search_completely_changed/,,"Google Photos looking for a picture of a place, person, or thing; scrolling through years to find it",unverified (post or comment),Reddit scrape blocked by Firecrawl; only search-result title + snippet captured. Date/author unavailable.
reddit,Reddit,r/googlephotos,reddit_thread_search_hit,"Search only shows old photos from years ago, no new photos",,,I only get results from photos I've backed up from an old phone,https://www.reddit.com/r/googlephotos/comments/1ry4xbq/search_only_shows_old_photos_from_years_ago_no/,https://www.reddit.com/r/googlephotos/comments/1ry4xbq/search_only_shows_old_photos_from_years_ago_no/,,"Google Photos looking for a picture of a place, person, or thing; scrolling through years to find it",unverified (post or comment),Reddit scrape blocked by Firecrawl; only search-result title + snippet captured. Date/author unavailable.
reddit,Reddit,r/googlephotos,reddit_thread_search_hit,Google Photo's updated and now Library is gone and I can't see ...,,,Now that the Collections has replaced Library,https://www.reddit.com/r/googlephotos/comments/1er39h0/google_photos_updated_and_now_library_is_gone_and/,https://www.reddit.com/r/googlephotos/comments/1er39h0/google_photos_updated_and_now_library_is_gone_and/,,"can't find a photo I took, search photos library help, how did you find it",unverified (post or comment),Reddit scrape blocked by Firecrawl; only search-result title + snippet captured. Date/author unavailable.
reddit,Reddit,r/LifeProTips,reddit_thread_search_hit,LPT: Can't find a picture in your 1000+ iOS photo library?,,,Zoom in to the location the photo was,https://www.reddit.com/r/LifeProTips/comments/qg9tn6/lpt_cant_find_a_picture_in_your_1000_ios_photo/,https://www.reddit.com/r/LifeProTips/comments/qg9tn6/lpt_cant_find_a_picture_in_your_1000_ios_photo/,,"can't find a photo I took, search photos library help, how did you find it",unverified (post or comment),Reddit scrape blocked by Firecrawl; only search-result title + snippet captured. Date/author unavailable.
google_support,Google Photos Community,Google Photos Help Community,google_community_question,How do I find all photos prior to a particular date?,Steve Bossie,2019-04-02,I tried searching for before 1/1/2005 and after 1/1/2005 both got zero results,https://support.google.com/photos/thread/3478886/how-do-i-find-all-photos-prior-to-a-particular-date?hl=en,https://support.google.com/photos/thread/3478886/how-do-i-find-all-photos-prior-to-a-particular-date?hl=en,,"Google Photos search by location or person, how did you find old photo? remember trip not the date",op_verbatim_fragment,"Full page scraped. Replies seen (not reproduced): 5 replies dated 2019-04-03 to 2019-10-17 incl. users janvb, Eric Gold. Thread locked; 263 'I have the same question'."
google_support,Google Photos Community,Google Photos Help Community,google_community_question,Google Photos SEACH feature not finding DESCRIPTIONS that I put in photos INFO field,Matt Nale,2024-12-06,why the SEARCH feature does not find pictures,https://support.google.com/photos/thread/311908848/google-photos-seach-feature-not-finding-descriptions-that-i-put-in-photos-info-field?hl=en-gb,https://support.google.com/photos/thread/311908848/google-photos-seach-feature-not-finding-descriptions-that-i-put-in-photos-info-field?hl=en-gb,,Google Photos Community can't find photo search results missing,op_verbatim_fragment,"Replies seen: ShrutNM (2025-01-05), anonymous (2025-01-05), Savannah Dyson (2025-01-28)."
google_support,Google Photos Community,Google Photos Help Community,google_community_question,"Nothing comes up when I use the ""search"" option in google photos",Kate k.,2025-03-25,I have never been able to get the search on,https://support.google.com/photos/thread/333561993/nothing-comes-up-when-i-use-the-search-option-in-google-photos?hl=en,https://support.google.com/photos/thread/333561993/nothing-comes-up-when-i-use-the-search-option-in-google-photos?hl=en,,Google Photos Community can't find photo search results missing,op_verbatim_fragment,"Replies seen: Lex Briones x2, Kate k. (all 2025-03-25)."
google_support,Google Photos Community,Google Photos Help Community,google_community_question,My old photos are missing,Harsh Manjotra,2025-07-08,All my photos which I had downloaded from someone's phone,https://support.google.com/photos/thread/356106170/my-old-photos-are-missing?hl=en,https://support.google.com/photos/thread/356106170/my-old-photos-are-missing?hl=en,,Google Photos Community can't find photo search results missing,op_verbatim_fragment,Replies seen: NonsensicalNick (2025-07-08).
google_support,Google Photos Community,Google Photos Help Community,google_community_question,How to find photo for today's memory 7 years ago,Michelle McIntyre,2021-12-04,I got a message that I have a photo on today's date,https://support.google.com/photos/thread/138712907/how-to-find-photo-for-today-s-memory-7-years-ago?hl=en,https://support.google.com/photos/thread/138712907/how-to-find-photo-for-today-s-memory-7-years-ago?hl=en,,"Google Photos search by location or person, how did you find old photo? remember trip not the date",op_verbatim_fragment,"Replies seen: janvb (2021-12-04, 2021-12-05), OP follow-up 2021-12-04."
google_support,Google Photos Community,Google Photos Help Community,google_community_question,"Photos not showing up on photos.google.com, but showing up on my Android and when I search",Tolga Yalkin,2018-04-29,"Okay, so this is really odd. When I went on photos.google.com,",https://support.google.com/photos/thread/111660/photos-not-showing-up-on-photos-google-com-but-showing-up-on-my-android-and-when-i-search?hl=en,https://support.google.com/photos/thread/111660/photos-not-showing-up-on-photos-google-com-but-showing-up-on-my-android-and-when-i-search?hl=en,,Google Photos Community can't find photo search results missing,op_verbatim_fragment,6 further replies 2018-04-30 to 2018-05-10 incl. Community Specialist 'Sonya'.
google_support,Google Photos Community,Google Photos Help Community,google_community_thread_search_hit,Shared album missing from search results,,,Open the album and press 'Show in Album',https://support.google.com/photos/thread/262562/shared-album-missing-from-search-results?hl=en,https://support.google.com/photos/thread/262562/shared-album-missing-from-search-results?hl=en,,Google Photos Community can't find photo search results missing,"unverified (likely a reply, not the OP)",Thread page not scraped; title + search snippet only. Snippet appears to be a reply.
google_support,Google Photos Community,Google Photos Help Community,google_community_thread_search_hit,Missing pictures on Google Photos,,,every picture from before 2017 has been deleted,https://support.google.com/photos/thread/317424297/missing-pictures-on-google-photos?hl=en,https://support.google.com/photos/thread/317424297/missing-pictures-on-google-photos?hl=en,,Google Photos Community can't find photo search results missing,"unverified (likely a reply, not the OP)",Thread page not scraped; title + search snippet only. Snippet appears to be a reply.
google_support,Google Photos Community,Google Photos Help Community,google_community_thread_search_hit,Where is my old photos?,,,"Make sure ""Back up & sync"" is turned on.",https://support.google.com/photos/thread/48730845/where-is-my-old-photos?hl=en,https://support.google.com/photos/thread/48730845/where-is-my-old-photos?hl=en,,"Google Photos search by location or person, how did you find old photo? remember trip not the date","unverified (likely a reply, not the OP)",Thread page not scraped; title + search snippet only. Snippet appears to be a reply.
google_support,Google Photos Community,Google Photos Help Community,google_community_thread_search_hit,Lost photos for past years (~2016),,,there isn't a way to retrieve them,https://support.google.com/photos/thread/106919/lost-photos-for-past-years-2016,https://support.google.com/photos/thread/106919/lost-photos-for-past-years-2016,,"Google Photos search by location or person, how did you find old photo? remember trip not the date","unverified (likely a reply, not the OP)",Thread page not scraped; title + search snippet only. Snippet appears to be a reply.
google_support,Google Photos Community,Google Photos Help Community,google_community_thread_search_hit,Where are my pictures?,,,"At the bottom, tap Library > Trash.",https://support.google.com/photos/thread/316383672/where-are-my-pictures?hl=en,https://support.google.com/photos/thread/316383672/where-are-my-pictures?hl=en,,Google Photos Community can't find photo search results missing,"unverified (likely a reply, not the OP)",Thread page not scraped; title + search snippet only. Snippet appears to be a reply.
google_support,Google Photos Community,Google Photos Help Community,google_community_thread_search_hit,a bunch of my pictures are missing,,,Scroll to December 2024 and see if anything shows up,https://support.google.com/photos/thread/398315362/a-bunch-of-my-pictures-are-missing?hl=en,https://support.google.com/photos/thread/398315362/a-bunch-of-my-pictures-are-missing?hl=en,,Google Photos Community can't find photo search results missing,"unverified (likely a reply, not the OP)",Thread page not scraped; title + search snippet only. Snippet appears to be a reply.
google_support,Google Photos Community,Google Photos Help Community,google_community_thread_search_hit,Can't see some of my old backed-up photos,,,"Try searching by date, location, or object name",https://support.google.com/photos/thread/358700340/can-t-see-some-of-my-old-backed-up-photos?hl=en,https://support.google.com/photos/thread/358700340/can-t-see-some-of-my-old-backed-up-photos?hl=en,,"Google Photos search by location or person, how did you find old photo? remember trip not the date","unverified (likely a reply, not the OP)",Thread page not scraped; title + search snippet only. Snippet appears to be a reply.
google_support,Google Photos Community,Google Photos Help Community,google_community_thread_search_hit,Google Photos not showing backed-up images in main grid ...,,,The main grid is arranged by the date the photo was taken,https://support.google.com/photos/thread/428949566/google-photos-not-showing-backed-up-images-in-main-grid-album-viewing-issue-after-225-images,https://support.google.com/photos/thread/428949566/google-photos-not-showing-backed-up-images-in-main-grid-album-viewing-issue-after-225-images,,Google Photos Community can't find photo search results missing,"unverified (likely a reply, not the OP)",Thread page not scraped; title + search snippet only. Snippet appears to be a reply.
quora,Quora,,quora_question,How can I search my Google Photos by GPS coordinates?,,,How can I search my Google Photos by GPS coordinates?,https://www.quora.com/How-can-I-search-my-Google-Photos-by-GPS-coordinates,https://www.quora.com/How-can-I-search-my-Google-Photos-by-GPS-coordinates,,"Google Photos can't find a picture I know I have, how to search",op_title,Search snippet only; page not scraped.
quora,Quora,,quora_question,How do I search multiple persons on Google Photos at one go? ...,,,How do I search multiple persons on Google Photos at one go?,https://www.quora.com/How-do-I-search-multiple-persons-on-Google-Photos-at-one-go-Basically-I-want-person-1-AND-person-2-AND-so-on,https://www.quora.com/How-do-I-search-multiple-persons-on-Google-Photos-at-one-go-Basically-I-want-person-1-AND-person-2-AND-so-on,,"Google Photos can't find a picture I know I have, how to search",op_title,Search snippet only; page not scraped.
quora,Quora,,quora_question,When will Google Photos allow us to search for the set of all images ...,,,When will Google Photos allow us to search for the set of all images,https://www.quora.com/When-will-Google-Photos-allow-us-to-search-for-the-set-of-all-images-that-contain-a-particular-object,https://www.quora.com/When-will-Google-Photos-allow-us-to-search-for-the-set-of-all-images-that-contain-a-particular-object,,"Google Photos can't find a picture I know I have, how to search",op_title,Search snippet only; page not scraped.
quora,Quora,,quora_question,How do I view photos not in an album in Google?,,,How do I view photos not in an album in Google?,https://www.quora.com/How-do-I-view-photos-not-in-an-album-in-Google,https://www.quora.com/How-do-I-view-photos-not-in-an-album-in-Google,,"Google Photos can't find a picture I know I have, how to search",op_title,Search snippet only; page not scraped.
quora,Quora,,quora_question,"How to access my backed up photos on Google photos, they told ...",,,I cant seem to find them anywhere please help,https://www.quora.com/How-can-I-access-my-backed-up-photos-on-Google-photos-they-told-me-to-delete-the-photos-that-are-already-backed-and-that-I-can-see-them-later-however-I-cant-seem-to-find-them-anywhere-please-help-They-are-very,https://www.quora.com/How-can-I-access-my-backed-up-photos-on-Google-photos-they-told-me-to-delete-the-photos-that-are-already-backed-and-that-I-can-see-them-later-however-I-cant-seem-to-find-them-anywhere-please-help-They-are-very,,"Google Photos can't find a picture I know I have, how to search",op_title,Search snippet only; page not scraped.
stack_exchange,Web Applications Stack Exchange,,stackexchange_question,Is it possible to exact search Google photos by filename?,,,Is it possible to exact search Google photos by filename?,https://webapps.stackexchange.com/questions/129207/is-it-possible-to-exact-search-google-photos-by-filename,https://webapps.stackexchange.com/questions/129207/is-it-possible-to-exact-search-google-photos-by-filename,,"Google Photos can't find a picture I know I have, how to search",op_title,Search snippet only; page not scraped.
apple_community,Apple Community,,forum_post,Unable to search in my 'Photos App' after new update,,,I can no longer “search” in photos.,https://discussions.apple.com/thread/255782968,https://discussions.apple.com/thread/255782968,,"Google Photos can't find a picture I know I have, how to search","op_snippet (comparable product, Apple Photos)",Search snippet only; page not scraped.
facebook,Facebook (public group post),,social_post,Google photos search not working as expected,,,Google photos search not working as expected,https://www.facebook.com/groups/dullmensclub/posts/2318542355468959/,https://www.facebook.com/groups/dullmensclub/posts/2318542355468959/,,Google Photos search can't find my photo (social domains),post_title,Search snippet only; page not scraped.
facebook,Facebook (public group post),,social_post,Is anyone having issues with the search function accessing your ...,,,Is anyone having issues with the search function accessing your,https://www.facebook.com/groups/313740000070684/posts/1692826002162070/,https://www.facebook.com/groups/313740000070684/posts/1692826002162070/,,Google Photos search can't find my photo (social domains),post_title,Search snippet only; page not scraped.
facebook,Facebook (public group post),,social_post,Anyone know how to search for photos using location ...,,,Anyone know how to search for photos using location,https://www.facebook.com/groups/290114757140088/posts/559817816836446/,https://www.facebook.com/groups/290114757140088/posts/559817816836446/,,Google Photos search can't find my photo (social domains),post_title,Search snippet only; page not scraped.
facebook,Facebook (public group post),,social_post,"I need somebody to help me, like probably in person. - Facebook",,,I have too many pictures in my phone,https://www.facebook.com/groups/1533882813595886/posts/4044316375885838/,https://www.facebook.com/groups/1533882813595886/posts/4044316375885838/,,Google Photos search can't find my photo (social domains),post_snippet,Search snippet only; page not scraped.
forum,Tom's Guide Forums,,forum_post,I can't find old pictures on my Android,denise_2,2015-10-18,I found old photos yesterday on Google +. Now I can't find them.,https://forums.tomsguide.com/threads/i-cant-find-old-pictures-on-my-android.90067/post-459394,https://forums.tomsguide.com/threads/i-cant-find-old-pictures-on-my-android.90067/post-459394,,Google Photos can't find photo search (earlier web_search),op_snippet,Retrieved via earlier web_search; <15-word fragment.
forum,Tom's Guide Forums,,forum_post,Google Photos people search does not exist,Heaton32,2015-05-24,I can only see places and things and not people.,https://forums.tomsguide.com/threads/google-photos-people-search-does-not-exist.78705/post-457578,https://forums.tomsguide.com/threads/google-photos-people-search-does-not-exist.78705/post-457578,,Google Photos can't find photo search (earlier web_search),op_snippet,Retrieved via earlier web_search; <15-word fragment.
